{"epoch": 24, "_timestamp": 1670881795.4434187, "loss": 0.0566449873149395, "mean_squared_error": 0.11616706103086472, "accuracy": 0.0, "mean_absolute_error": 0.24109643697738647, "val_loss": NaN, "val_mean_squared_error": NaN, "val_accuracy": 0.0, "val_mean_absolute_error": NaN, "_runtime": 12532.545645713806, "_step": 49, "_wandb": {"runtime": 50}}