{"epoch": 9, "_timestamp": 1670173250.065013, "loss": 0.010305294767022133, "mean_squared_error": 0.010305296629667282, "accuracy": 0.0, "mean_absolute_error": 0.05079111456871033, "val_loss": NaN, "val_mean_squared_error": NaN, "val_accuracy": 0.0, "val_mean_absolute_error": NaN, "_runtime": 5529.7418048381805, "_step": 69, "graph": {"_type": "graph-file", "sha256": "384f8f27fc05496133cd99e944d25d077155f1185a40d21a8c2be01866f66cce", "size": 836, "path": "media/graph/graph_summary_384f8f27fc05496133cd.graph.json"}, "_wandb": {"runtime": 857}}