{"graph": {"_type": "graph-file", "sha256": "789d68623504a9f673008471871ac60118526dc17b032deb74bcb1a692d818d5", "size": 862, "path": "media/graph/graph_summary_789d68623504a9f67300.graph.json"}, "epoch": 9, "_timestamp": 1670173766.2084055, "loss": 0.010754200629889965, "mean_squared_error": 0.010754216462373734, "accuracy": 0.0, "mean_absolute_error": 0.054162394255399704, "_runtime": 244.08739852905273, "_step": 9}