{"epoch": 24, "_timestamp": 1670768030.7251804, "loss": 0.051629405468702316, "mean_squared_error": 0.10539679229259491, "accuracy": 0.0, "mean_absolute_error": 0.2173977941274643, "val_loss": NaN, "val_mean_squared_error": NaN, "val_accuracy": 0.0, "val_mean_absolute_error": NaN, "_runtime": 2229.993981361389, "_step": 49}